{
    "classes": {
        "ACIT 2831":{
            "name": "Business Systems Analysis", 
            "desc": "Analzing business systems"
        },
        "ACIT 2911":
        {
        "name": "Agile Project Development", 
        "desc": "Developing projects in an agile way"
    },
        "ACIT 2420":
        {
            "name": "Linux System Administration", "desc": "System Administration for Linux Deployments"},
        "MATH 1350":{"name": "Statistics for IT", "desc": "A statistics course focussing on IT applications"},
        "COMM 2216":{"name": "Business Communications 2", "desc": "The sequel to our current business comunications class"},
        "ACIT 4770":{"name": "Legal and Ethical Issues in IT", "desc": "Exploring legal and ethical issues in IT"},
        "ACIT 2811":{"name": "UX/UI Developement", "desc": "Developing user interfaces"},
        "more":{"name": "so many more classes", "desc": "so many more classes"}
        }
    }
}